V_fL,S_site_nM,Nc_molecules,C_total_nM,M_loci,site_copies,total_site_nM,ratio_copies_per_cas9,d_on_max_pp,d_on_final_pp,t10_delay_pct,t50_delay_pct,t90_delay_pct,depletion_max_pct,dur_gt5pct_depl_s,t50_A_s,t50_B_s,on_B_final,on_A_final
250,0.013284312537390774,10,0.06642156268695386,10,20,0.13284312537390774,2.0,0.10964295989955852,0.0,0.11916889514502166,0.0797206854137408,-0.34350327956751076,0.12197276364053211,0.0,131444.0696160911,131548.85772932475,1.0,1.0
250,0.013284312537390774,10,0.06642156268695386,30,60,0.39852937612172323,6.0,0.09117231980123042,0.0,0.3037730266840914,0.2740372354232606,-0.17392094644968073,0.3081002118083265,0.0,131444.0696160911,131804.27531059485,1.0,1.0
250,0.013284312537390774,10,0.06642156268695386,100,200,1.3284312537390774,20.0,0.441137429645011,0.0,1.2758810289686753,1.297397316613263,0.7060545758516998,1.2877000376017134,0.0,131444.0696160911,133149.42144813752,1.0,1.0
250,0.013284312537390774,10,0.06642156268695386,300,600,3.9852937612172323,60.0,1.4135156848201547,0.0,3.9970367497510937,4.07894824236324,3.0401253021469383,3.8865874927557664,0.0,131444.0696160911,136805.60518338735,1.0,1.0
250,0.013284312537390774,10,0.06642156268695386,1000,2000,13.284312537390774,200.0,4.479151369815371,0.0,13.111378388264615,13.035551649988456,12.510456990994584,11.695036191969098,31622714.393350407,131444.0696160911,148578.52920174343,1.0,1.0
250,0.013284312537390774,10,0.06642156268695386,3000,6000,39.85293761217232,600.0,11.810864304517409,0.0,38.148815476659784,37.99483552982904,37.31855637521423,27.800771759042153,31622759.42160952,131444.0696160911,181386.02768043888,1.0,1.0
250,0.013284312537390774,10,0.06642156268695386,10000,20000,132.84312537390772,2000.0,29.207738792351773,0.0,126.433998874448,126.41161529066673,122.84507344345748,55.99161214442523,31622771.857063003,131444.0696160911,297604.6412215803,1.0,1.0
250,0.013284312537390774,10,0.06642156268695386,30000,60000,398.5293761217232,6000.0,52.57845944282641,0.0,383.95145765115876,382.6677913560348,375.51037969401773,79.3970714385268,31622775.026939977,131444.0696160911,634438.1876844757,1.0,1.0
250,0.013284312537390774,30,0.19926468806086162,10,20,0.13284312537390774,0.6666666666666666,0.10981435745165413,0.0,0.11663079312975973,0.07886673632201877,-0.3408696975692164,0.12169769595165025,0.0,43827.260963129054,43861.82609347001,1.0,1.0
250,0.013284312537390774,30,0.19926468806086162,30,60,0.39852937612172323,2.0,0.09086227956214277,0.0,0.29933123304929193,0.27202689892468773,-0.17301763447697796,0.30759624310450207,0.0,43827.260963129054,43946.482902010684,1.0,1.0
250,0.013284312537390774,30,0.19926468806086162,100,200,1.3284312537390774,6.666666666666667,0.4382403140984592,0.0,1.2428493626201018,1.2838951337457705,0.6952902961604758,1.2827257171532436,0.0,43827.260963129054,44389.95703388873,1.0,1.0
250,0.013284312537390774,30,0.19926468806086162,300,600,3.9852937612172323,20.0,1.4053372399099873,0.0,3.887914171715735,4.037000948192944,3.000881794712412,3.8716570906705106,0.0,43827.260963129054,45596.56790377757,1.0,1.0
250,0.013284312537390774,30,0.19926468806086162,1000,2000,13.284312537390774,66.66666666666667,4.455429521018783,0.0,12.774786055386441,12.917654012898344,12.534461081510193,11.6544328235342,31622714.393350407,43827.260963129054,49488.714897676124,1.0,1.0
250,0.013284312537390774,30,0.19926468806086162,3000,6000,39.85293761217232,200.0,11.768394642895952,0.0,37.35747326676428,37.763193600201106,37.27632392156179,27.742402195195982,31622759.42160952,43827.260963129054,60377.83437030084,1.0,1.0
250,0.013284312537390774,30,0.19926468806086162,10000,20000,132.84312537390772,666.6666666666666,29.144480070860624,0.0,124.78538853300203,125.97654057284468,122.86215414429242,55.9477044613542,31622771.857063003,43827.260963129054,99039.32815231185,1.0,1.0
250,0.013284312537390774,30,0.19926468806086162,30000,60000,398.5293761217232,2000.0,52.53839912873597,0.0,381.3622262015305,381.94265648112,375.5996680234293,79.38249234238708,31622775.026939977,43827.260963129054,211222.26574861706,1.0,1.0
250,0.013284312537390774,100,0.6642156268695387,10,20,0.13284312537390774,0.2,0.11074662815430125,0.0,0.10954816446798836,0.07207454549240502,-0.4324369595798834,0.12075786384883047,0.0,13162.211424449393,13171.698028510315,1.0,1.0
250,0.013284312537390774,100,0.6642156268695387,30,60,0.39852937612172323,0.6,0.09021946146271498,0.0,0.2875861894246432,0.25251196211410626,-0.2203728032517594,0.30589130642885154,0.0,13162.211424449393,13195.447582774877,1.0,1.0
250,0.013284312537390774,100,0.6642156268695387,100,200,1.3284312537390774,2.0,0.4311629601280953,0.0,1.1341668621430812,1.1813918702407655,0.8619337001735924,1.2667750046766901,0.0,13162.211424449393,13317.70872016174,1.0,1.0
250,0.013284312537390774,100,0.6642156268695387,300,600,3.9852937612172323,6.0,1.3721053018153628,0.0,3.5013635843664064,3.7216809719729613,3.7191990198378906,3.823554365803805,0.0,13162.211424449393,13652.066942523978,1.0,1.0
250,0.013284312537390774,100,0.6642156268695387,1000,2000,13.284312537390774,20.0,4.393289156484482,0.0,11.586936016135864,12.697080585438906,12.139853431958583,11.525874812394255,31622714.393350407,13162.211424449393,14833.428015837579,1.0,1.0
250,0.013284312537390774,100,0.6642156268695387,3000,6000,39.85293761217232,60.0,11.580705003529367,0.0,34.60443239365373,37.32855279748071,36.31953509233766,27.552484587112346,31622759.42160952,13162.211424449393,18075.474465341023,1.0,1.0
250,0.013284312537390774,100,0.6642156268695387,10000,20000,132.84312537390772,200.0,28.92344292017368,0.0,119.02797187176878,124.00434053178813,123.668849219319,55.80287342138328,31622771.857063003,13162.211424449393,29483.92490073754,1.0,1.0
250,0.013284312537390774,100,0.6642156268695387,30000,60000,398.5293761217232,600.0,52.30055936576306,0.0,372.057276859178,379.3864980378564,375.8306012609543,79.33438823494795,31622775.026939977,13162.211424449393,63097.8644120066,1.0,1.0
250,0.013284312537390774,300,1.9926468806086157,10,20,0.13284312537390774,0.06666666666666667,0.11117210733572191,0.0,0.0901042765073734,0.06657828560653525,-0.43128123559506387,0.11822400067854621,0.0,4391.322744834698,4394.246412233659,1.0,1.0
250,0.013284312537390774,300,1.9926468806086157,30,60,0.39852937612172323,0.2,0.09081554867945707,0.0,0.2503546368130507,0.2422308084173327,-0.22478694375466968,0.30129002870712407,0.0,4391.322744834698,4401.959881419725,1.0,1.0
250,0.013284312537390774,300,1.9926468806086157,100,200,1.3284312537390774,0.6666666666666666,0.40767518874811337,0.0,0.9184776353651327,1.1053538900746522,0.8002299297020246,1.22738296665178,0.0,4391.322744834698,4439.862401620461,1.0,1.0
250,0.013284312537390774,300,1.9926468806086157,300,600,3.9852937612172323,2.0,1.305146545813074,0.0,2.8337120971355825,3.485013669432434,3.5252477101178252,3.7045502971848387,0.0,4391.322744834698,4544.360942761083,1.0,1.0
250,0.013284312537390774,300,1.9926468806086157,1000,2000,13.284312537390774,6.666666666666667,4.204551982299143,0.0,9.509081125229608,12.013426276999159,11.644356927053884,11.214107327103385,31622714.393350407,4391.322744834698,4918.87106537051,1.0,1.0
250,0.013284312537390774,300,1.9926468806086157,3000,6000,39.85293761217232,20.0,11.19588326920191,0.0,29.088261930246418,35.65671598528717,35.30471640561454,27.069472926150738,31622759.42160952,4391.322744834698,5957.124223957723,1.0,1.0
250,0.013284312537390774,300,1.9926468806086157,10000,20000,132.84312537390772,66.66666666666667,28.390408251060784,0.0,104.98737287927864,120.38012164658116,121.44671035586634,55.42031086320355,31622771.857063003,4391.322744834698,9677.602406960694,1.0,1.0
250,0.013284312537390774,300,1.9926468806086157,30000,60000,398.5293761217232,200.0,51.856429404346585,0.0,347.2625701208462,373.5657070081864,372.347645952475,79.20479714400042,31622775.026939977,4391.322744834698,20795.798603587737,1.0,1.0
250,0.013284312537390774,1000,6.642156268695386,10,20,0.13284312537390774,0.02,0.11107392415522499,0.0,0.05616576938402813,0.055336322732384126,-0.3644425641386434,0.11057486533225802,0.0,1320.7244487015098,1321.4552890448488,1.0,1.0
250,0.013284312537390774,1000,6.642156268695386,30,60,0.39852937612172323,0.06,0.093280702349674,0.0,0.16872678008928607,0.22934107785982832,-0.2034149567365995,0.28704546096042227,0.0,1320.7244487015098,1323.7534123877201,1.0,1.0
250,0.013284312537390774,1000,6.642156268695386,100,200,1.3284312537390774,0.2,0.34788547578427087,0.0,0.5912496748426934,0.9933324062331973,0.5414549636753203,1.1241929586885857,0.0,1320.7244487015098,1333.8436326475066,1.0,1.0
250,0.013284312537390774,1000,6.642156268695386,300,600,3.9852937612172323,0.6,1.1278162983249906,0.0,1.8247169227543163,3.1395410830073773,2.568812957874685,3.39496149260472,0.0,1320.7244487015098,1362.1891353618164,1.0,1.0
250,0.013284312537390774,1000,6.642156268695386,1000,2000,13.284312537390774,2.0,3.700242738961834,0.0,6.225799309877457,10.348314918027182,10.434254959157725,10.39623416086972,31622714.393350407,1320.7244487015098,1457.3971738525204,1.0,1.0
250,0.013284312537390774,1000,6.642156268695386,3000,6000,39.85293761217232,6.0,10.15055836225277,0.0,19.55003604385552,31.20697178647153,32.51447828641742,25.705018001690416,31622759.42160952,1320.7244487015098,1732.8825547848217,1.0,1.0
250,0.013284312537390774,1000,6.642156268695386,10000,20000,132.84312537390772,20.0,26.714796081715214,0.0,76.58309355894926,109.94516022189964,113.63597979392436,54.245803562221326,31622771.857063003,1320.7244487015098,2772.7970599161854,1.0,1.0
250,0.013284312537390774,1000,6.642156268695386,30000,60000,398.5293761217232,60.0,50.545176630954145,0.0,281.0862033285824,355.7670616577928,357.3609496022473,78.78677648625381,31622775.026939977,1320.7244487015098,6019.427012442954,1.0,1.0
250,0.013284312537390774,3000,19.92646880608616,10,20,0.13284312537390774,0.006666666666666667,0.1141258384157906,0.0,0.025144346897545727,0.02601877853603958,-0.37894117450476,0.09476544640554252,0.0,444.95546524837386,445.07123722546083,1.0,1.0
250,0.013284312537390774,3000,19.92646880608616,30,60,0.39852937612172323,0.02,0.09769683341891433,0.0,0.07940890109801518,0.16482743017418994,-0.2392879712078056,0.25542252928446585,0.0,444.95546524837386,445.68887390716236,1.0,1.0
250,0.013284312537390774,3000,19.92646880608616,100,200,1.3284312537390774,0.06666666666666667,0.2588706624992665,0.0,0.27562261022317797,0.7082835924458045,0.34325259976659345,0.9477313688660893,0.0,444.95546524837386,448.107011802419,1.0,1.0
250,0.013284312537390774,3000,19.92646880608616,300,600,3.9852937612172323,0.2,0.8630577007994078,0.0,0.8476597841153078,2.270931408821749,1.967931168118746,2.865861763693811,0.0,444.95546524837386,455.0600986639681,1.0,1.0
250,0.013284312537390774,3000,19.92646880608616,1000,2000,13.284312537390774,0.6666666666666666,2.922211277656217,0.0,2.887493522577384,7.666835231768912,8.321509642641992,8.957365724521594,31622701.839754675,444.95546524837386,479.06946762371746,1.0,1.0
250,0.013284312537390774,3000,19.92646880608616,3000,6000,39.85293761217232,2.0,8.277857123712673,0.0,9.105402944732024,23.75678417056728,26.357840252264747,23.031034167767917,31622759.42160952,444.95546524837386,550.6625747825735,1.0,1.0
250,0.013284312537390774,3000,19.92646880608616,10000,20000,132.84312537390772,6.666666666666667,23.34268917725506,0.0,37.641149290499946,88.70324718714815,100.17148635617616,51.5539625853528,31622771.857063003,444.95546524837386,839.645411460364,1.0,1.0
250,0.013284312537390774,3000,19.92646880608616,30000,60000,398.5293761217232,20.0,47.28155725443488,0.0,177.84994272078853,309.8871688216253,333.63472121472427,77.71784090835911,31622775.026939977,444.95546524837386,1823.8153590236507,1.0,1.0
250,0.013284312537390774,10000,66.42156268695386,10,20,0.13284312537390774,0.002,0.1225577986116666,0.0,0.03140603568426789,-0.011957368773591047,-0.5145691059619,0.06612983440114073,0.0,138.09713295875716,138.08062017530352,1.0,1.0
250,0.013284312537390774,10000,66.42156268695386,30,60,0.39852937612172323,0.006,0.1079630520945507,0.0,0.04882985127768122,0.05966199307107426,-0.39334871277488537,0.18934462256244844,0.0,138.09713295875716,138.17952446065436,1.0,1.0
250,0.013284312537390774,10000,66.42156268695386,100,200,1.3284312537390774,0.02,0.13508705529956533,0.0,0.11035841148548586,0.3228747786961874,0.06688862210776639,0.6694718566705116,0.0,138.09713295875716,138.54301377118352,1.0,1.0
250,0.013284312537390774,10000,66.42156268695386,300,600,3.9852937612172323,0.06,0.49875147360997074,0.0,0.28862322217868464,1.0879363980511412,1.3742997067928868,2.0287186098280507,0.0,138.09713295875716,139.59954193288056,1.0,1.0
250,0.013284312537390774,10000,66.42156268695386,1000,2000,13.284312537390774,0.2,1.792153005202679,0.0,0.9153708025709331,3.963364134459302,5.723522867408091,6.536762090697456,31622686.7528526,138.09713295875716,143.57042519716111,1.0,1.0
250,0.013284312537390774,10000,66.42156268695386,3000,6000,39.85293761217232,0.6,5.375040793811136,0.0,2.753008968320445,13.040854660892887,17.801886741103523,17.870405884471154,31622759.42160952,138.09713295875716,156.10617935876869,1.0,1.0
250,0.013284312537390774,10000,66.42156268695386,10000,20000,132.84312537390772,2.0,17.046876253131295,0.0,10.139460939497928,52.222496008924146,70.69408871022202,44.9732349538378,31622771.857063003,138.09713295875716,210.2149027065828,1.0,1.0
250,0.013284312537390774,10000,66.42156268695386,30000,60000,398.5293761217232,6.0,39.95704216101718,0.0,41.40445295882502,215.91737902257188,266.7405937892987,74.60279544267112,31622775.026939977,138.09713295875716,436.2728429486218,1.0,1.0
250,0.013284312537390774,30000,199.2646880608616,10,20,0.13284312537390774,0.0006666666666666666,0.13550025489066364,0.0,0.07953760902014068,-0.043719917913486034,-0.5275029124316873,0.03729409647377224,0.0,50.758479328861384,50.73628776336467,1.0,1.0
250,0.013284312537390774,30000,199.2646880608616,30,60,0.39852937612172323,0.002,0.12683182846218166,0.0,0.08573956374626547,-0.013096188687516993,-0.47009263212506774,0.1117755515096519,0.0,50.758479328861384,50.75183190263356,1.0,1.0
250,0.013284312537390774,30000,199.2646880608616,100,200,1.3284312537390774,0.006666666666666667,0.09796714142426,0.0,0.10744649150134315,0.0965760423789141,-0.260083675583362,0.3883896650696994,0.0,50.758479328861384,50.80749985936892,1.0,1.0
250,0.013284312537390774,30000,199.2646880608616,300,600,3.9852937612172323,0.02,0.20070697217804412,0.0,0.17002243337270784,0.41472141475526403,0.3439480719524273,1.1795507415242934,0.0,50.758479328861384,50.968985612442296,1.0,1.0
250,0.013284312537390774,30000,199.2646880608616,1000,2000,13.284312537390774,0.06666666666666667,0.8206624207542812,0.0,0.38909068258822893,1.53486240316034,2.424354505302318,3.8927792797713745,0.0,50.758479328861384,51.53755214449599,1.0,1.0
250,0.013284312537390774,30000,199.2646880608616,3000,6000,39.85293761217232,0.2,2.6364720746573145,0.0,1.0216606706093627,4.8323956027165655,8.1746135482121,11.259823110710865,31622755.954683222,50.758479328861384,53.21132985195508,1.0,1.0
250,0.013284312537390774,30000,199.2646880608616,10000,20000,132.84312537390772,0.6666666666666666,9.099300702374869,0.0,3.3158262810106947,18.8301026116658,35.654767583878645,33.02393049416785,31622771.857063003,50.758479328861384,60.31635307060716,1.0,1.0
250,0.013284312537390774,30000,199.2646880608616,30000,60000,398.5293761217232,2.0,26.993092748272073,0.0,10.69897290636506,88.67284135773384,160.53666625632383,67.03550050546822,31622775.026939977,50.758479328861384,95.76746517974077,1.0,1.0
500,0.006642156268695387,10,0.03321078134347693,10,20,0.06642156268695387,2.0,0.11820032427056759,0.0,0.05938753867602543,0.015094190671753186,-0.4376409128786299,0.061058770884681035,0.0,262604.51409275574,262644.1521188255,1.0,1.0
500,0.006642156268695387,10,0.03321078134347693,30,60,0.19926468806086162,6.0,0.10504577799183012,0.0,0.15227343378546063,0.1035557350867165,-0.34439865071313736,0.1543514549972369,0.0,262604.51409275574,262876.4561276954,1.0,1.0
500,0.006642156268695387,10,0.03321078134347693,100,200,0.6642156268695387,20.0,0.2105181467061512,0.0,0.6443223394610356,0.5713727451669027,0.14251126531312783,0.6486656375745969,0.0,262604.51409275574,264104.9647138597,1.0,1.0
500,0.006642156268695387,10,0.03321078134347693,300,600,1.9926468806086162,60.0,0.6971581431418183,0.0,1.998094900079484,1.9450689227657407,1.4548954922423347,1.9838214544931843,0.0,262604.51409275574,267712.3528861539,1.0,1.0
500,0.006642156268695387,10,0.03321078134347693,1000,2000,6.642156268695387,200.0,2.3005579520028685,0.0,6.5456809473988224,6.706030563493892,5.558499299856176,6.216485396604343,31622451.262808222,262604.51409275574,280214.85306893056,1.0,1.0
500,0.006642156268695387,10,0.03321078134347693,3000,6000,19.92646880608616,600.0,6.37667009508055,0.0,19.145412899985555,19.111413921432707,18.25797720749753,16.153295890835185,31622740.76294086,262604.51409275574,312791.9497573894,1.0,1.0
500,0.006642156268695387,10,0.03321078134347693,10000,20000,66.42156268695386,2000.0,17.797856835424795,0.0,63.3247342627433,63.43494339048819,60.637857829190914,38.887528870761145,31622766.704098824,262604.51409275574,429187.53894836194,1.0,1.0
500,0.006642156268695387,10,0.03321078134347693,30000,60000,199.2646880608616,6000.0,37.458401786560444,0.0,192.05393085781702,191.61914853752177,187.071145488246,65.83511730301275,31622773.316666637,262604.51409275574,765805.0480183907,1.0,1.0
500,0.006642156268695387,30,0.09963234403043081,10,20,0.06642156268695387,0.6666666666666666,0.11812399320957345,0.0,0.05889828456656629,0.015035853913172983,-0.43349433822553174,0.06098892440299375,0.0,87519.36577675649,87532.52506074042,1.0,1.0
500,0.006642156268695387,30,0.09963234403043081,30,60,0.19926468806086162,2.0,0.10523333756357056,0.0,0.15128276726588707,0.10318738077478933,-0.3412486576669228,0.15422385297498842,0.0,87519.36577675649,87609.67471797223,1.0,1.0
500,0.006642156268695387,30,0.09963234403043081,100,200,0.6642156268695387,6.666666666666667,0.20981086907905233,0.0,0.6350027360603157,0.5681018025595217,0.13969574916023986,0.6473686103982912,0.0,87519.36577675649,88016.5648713229,1.0,1.0
500,0.006642156268695387,30,0.09963234403043081,300,600,1.9926468806086162,20.0,0.6947175600759858,0.0,1.967743218120979,1.988532257169269,1.4366237160273712,1.9796838515885096,0.0,87519.36577675649,89259.71659649725,1.0,1.0
500,0.006642156268695387,30,0.09963234403043081,1000,2000,6.642156268695387,66.66666666666667,2.294689828612584,0.0,6.461065835560113,6.720226238598406,5.495826736371567,6.2038270759732335,31622451.262808222,87519.36577675649,93400.86515954099,1.0,1.0
500,0.006642156268695387,30,0.09963234403043081,3000,6000,19.92646880608616,200.0,6.360782988362967,0.0,18.917245966299838,19.063220062800383,18.245627354840668,16.129775860551433,31622740.76294086,87519.36577675649,104203.37507234678,1.0,1.0
500,0.006642156268695387,30,0.09963234403043081,10000,20000,66.42156268695386,666.6666666666666,17.76883499596027,0.0,62.76827633292903,63.33211344016605,60.687076881225856,38.85728511024394,31622766.704098824,87519.36577675649,142947.22979260577,1.0,1.0
500,0.006642156268695387,30,0.09963234403043081,30000,60000,199.2646880608616,2000.0,37.44245038588201,0.0,191.03006320716932,191.41518966359502,187.070682589714,65.81849373552829,31622773.316666637,87519.36577675649,255044.72577071039,1.0,1.0
500,0.006642156268695387,100,0.33210781343476936,10,20,0.06642156268695387,0.2,0.11763391649876054,0.0,0.05744660873671844,0.014787818006901191,-0.36501082221709313,0.06074923108546626,0.0,26324.812170032666,26328.70503534703,1.0,1.0
500,0.006642156268695387,100,0.33210781343476936,30,60,0.19926468806086162,0.6,0.10686919208849899,0.0,0.14921748418145553,0.10825069816226116,-0.28726451207564696,0.15378769883456211,0.0,26324.812170032666,26353.30896299663,1.0,1.0
500,0.006642156268695387,100,0.33210781343476936,100,200,0.6642156268695387,2.0,0.20749476975908676,0.0,0.6102843324350113,0.5963677251881193,0.11622723673763655,0.6430884979515161,0.0,26324.812170032666,26481.804853531135,1.0,1.0
500,0.006642156268695387,100,0.33210781343476936,300,600,1.9926468806086162,6.0,0.6904119384585461,0.0,1.8870173944751465,1.934644985328044,1.3457678500241168,1.966191403001727,0.0,26324.812170032666,26834.10382857723,1.0,1.0
500,0.006642156268695387,100,0.33210781343476936,1000,2000,6.642156268695387,20.0,2.2676945574279572,0.0,6.19856897962113,6.336728079234065,6.513628035557987,6.163124929496789,31622451.262808222,26324.812170032666,27992.943934616753,1.0,1.0
500,0.006642156268695387,100,0.33210781343476936,3000,6000,19.92646880608616,60.0,6.320307537909608,0.0,18.11059959506371,18.80169294964741,18.458093802130783,16.052672417753953,31622740.76294086,26324.812170032666,31274.322523813622,1.0,1.0
500,0.006642156268695387,100,0.33210781343476936,10000,20000,66.42156268695386,200.0,17.651428046509142,0.0,60.83362969124313,62.14474644634682,62.56975241004613,38.757656304288844,31622766.704098824,26324.812170032666,42684.29994557652,1.0,1.0
500,0.006642156268695387,100,0.33210781343476936,30000,60000,199.2646880608616,600.0,37.44420824790298,0.0,187.39476716212897,189.89949223656876,188.93867303350498,65.76319306897882,31622773.316666637,26324.812170032666,76315.49681315516,1.0,1.0
500,0.006642156268695387,300,0.9963234403043079,10,20,0.06642156268695387,0.06666666666666667,0.11787193034653587,0.0,0.05171327474786014,0.01328820303489677,-0.36271850684561974,0.06008921406112089,0.0,8779.650498226974,8780.817156010933,1.0,1.0
500,0.006642156268695387,300,0.9963234403043079,30,60,0.19926468806086162,0.2,0.10706148681003391,0.0,0.13884836692226973,0.1053314505659533,-0.2861326172733782,0.15258556757926645,0.0,8779.650498226974,8788.898231451378,1.0,1.0
500,0.006642156268695387,300,0.9963234403043079,100,200,0.6642156268695387,0.6666666666666666,0.20073196383305625,0.0,0.5344420765692611,0.5739726280823907,0.10532960984533002,0.6320082589608034,0.0,8779.650498226974,8830.043288928096,1.0,1.0
500,0.006642156268695387,300,0.9963234403043079,300,600,1.9926468806086162,2.0,0.6703936746775718,0.0,1.6478975853791724,1.8635142660575643,1.478813586285894,1.9315549747953242,0.0,8779.650498226974,8943.260537771428,1.0,1.0
500,0.006642156268695387,300,0.9963234403043079,1000,2000,6.642156268695387,6.666666666666667,2.2083494467242892,0.0,5.460785074485507,6.12675876898106,6.512460281959734,6.060132765939574,7999716.602604984,8779.650498226974,9317.558505012985,1.0,1.0
500,0.006642156268695387,300,0.9963234403043079,3000,6000,19.92646880608616,20.0,6.191720730719452,0.0,16.144687231396713,18.297101776186324,18.221099887145822,15.852584878095277,31622740.76294086,8779.650498226974,10386.072085481013,1.0,1.0
500,0.006642156268695387,300,0.9963234403043079,10000,20000,66.42156268695386,66.66666666666667,17.41001210113301,0.0,55.72273053359298,60.866728044724624,61.95886861590496,38.49488862328765,31622766.704098824,8779.650498226974,14123.536490260098,1.0,1.0
500,0.006642156268695387,300,0.9963234403043079,30000,60000,199.2646880608616,200.0,37.163822259095944,0.0,177.4886158542995,187.5528892414128,187.83160699489022,65.61434131127533,31622773.316666637,8779.650498226974,25246.138672949757,1.0,1.0
500,0.006642156268695387,1000,3.321078134347693,10,20,0.06642156268695387,0.02,0.11900456082352129,0.0,0.03760741859557391,0.008783126421782134,-0.45162567676751764,0.05796891193933229,0.0,2633.5287579774767,2633.760064137644,1.0,1.0
500,0.006642156268695387,1000,3.321078134347693,30,60,0.19926468806086162,0.06,0.10626080301328056,0.0,0.10924970094107173,0.0925604823955499,-0.3596728781867978,0.14869796431841165,0.0,2633.5287579774767,2635.9663648998862,1.0,1.0
500,0.006642156268695387,1000,3.321078134347693,100,200,0.6642156268695387,0.2,0.18146376024884558,0.0,0.39153441416148926,0.4886499868025841,0.0888449397375775,0.6000676680656292,0.0,2633.5287579774767,2646.397495905776,1.0,1.0
500,0.006642156268695387,1000,3.321078134347693,300,600,1.9926468806086162,0.6,0.6111520521652758,0.0,1.2063319043372858,1.59195409159699,1.31277760503631,1.8322396357284276,0.0,2633.5287579774767,2675.4533267934826,1.0,1.0
500,0.006642156268695387,1000,3.321078134347693,1000,2000,6.642156268695387,2.0,2.0501324602802518,0.0,4.04699795913549,5.747058625270028,5.2005065044375245,5.770034375233191,1058718.8488148004,2633.5287579774767,2784.879199611788,1.0,1.0
500,0.006642156268695387,1000,3.321078134347693,3000,6000,19.92646880608616,6.0,5.773592449624876,0.0,12.352889232620825,16.934411508281563,16.779288859061317,15.261469407661355,31622740.76294086,2633.5287579774767,3079.501355042319,1.0,1.0
500,0.006642156268695387,1000,3.321078134347693,10000,20000,66.42156268695386,20.0,16.626832579598847,0.0,44.11790231350161,57.60457415829446,57.183435113241764,37.68701809641571,31622766.704098824,2633.5287579774767,4150.561784346623,1.0,1.0
500,0.006642156268695387,1000,3.321078134347693,30000,60000,199.2646880608616,60.0,36.126739088819356,0.0,149.44813841480828,180.73877689020023,179.3194493025373,65.13311851984895,31622773.316666637,2633.5287579774767,7393.33642419765,1.0,1.0
500,0.006642156268695387,3000,9.96323440304308,10,20,0.06642156268695387,0.006666666666666667,0.12021026832407244,0.0,0.020868533843509163,-0.0005886451550592012,-0.45322524333849534,0.052999979070722514,0.0,881.8576485698421,881.8524575575193,1.0,1.0
500,0.006642156268695387,3000,9.96323440304308,30,60,0.19926468806086162,0.02,0.10808360667384775,0.0,0.06508527351601318,0.0738356570771414,-0.3684646424818443,0.13923644484329367,0.0,881.8576485698421,882.5087739591487,1.0,1.0
500,0.006642156268695387,3000,9.96323440304308,100,200,0.6642156268695387,0.06666666666666667,0.14597209839953829,0.0,0.2279165468490877,0.38615275630503276,0.011064514174806027,0.5368731773846447,0.0,881.8576485698421,885.2629661864813,1.0,1.0
500,0.006642156268695387,3000,9.96323440304308,300,600,1.9926468806086162,0.2,0.5059744494570806,0.0,0.7012462292412205,1.3160707246589223,1.0641930776637878,1.6371866168949811,0.0,881.8576485698421,893.4635189158354,1.0,1.0
500,0.006642156268695387,3000,9.96323440304308,1000,2000,6.642156268695387,0.6666666666666666,1.7296851922261602,0.0,2.3846036994707,4.754120808620849,4.480396305513404,5.201529215044987,14766.98493071627,881.8576485698421,923.7822265429155,1.0,1.0
500,0.006642156268695387,3000,9.96323440304308,3000,6000,19.92646880608616,2.0,5.001817799527619,0.0,7.422665112586037,14.156943396232569,14.694187154278929,14.031954058130635,31622740.76294086,881.8576485698421,1006.7017367132222,1.0,1.0
500,0.006642156268695387,3000,9.96323440304308,10000,20000,66.42156268695386,6.666666666666667,14.870920689615485,0.0,27.693622852592515,49.09919079092756,52.393679835655206,35.831891935883284,31622766.704098824,881.8576485698421,1314.8426179455364,1.0,1.0
500,0.006642156268695387,3000,9.96323440304308,30000,60000,199.2646880608616,20.0,33.91933075833039,0.0,105.06693375691599,161.9673602590526,168.79819891857542,63.92686880200606,31622773.316666637,881.8576485698421,2310.1792032009685,1.0,1.0
500,0.006642156268695387,10000,33.21078134347693,10,20,0.06642156268695387,0.002,0.12184568285485975,0.0,0.008864956946269521,-0.019368718973957134,-0.3909309567844191,0.041915139157200354,0.0,269.88182731575534,269.8295546630608,1.0,1.0
500,0.006642156268695387,10000,33.21078134347693,30,60,0.19926468806086162,0.006,0.11373261150534608,0.0,0.025915902771692957,0.03576888908981819,-0.33359498820545247,0.11586028343637533,0.0,269.88182731575534,269.9783610472415,1.0,1.0
500,0.006642156268695387,10000,33.21078134347693,100,200,0.6642156268695387,0.02,0.08927082251418694,0.0,0.08680045879486772,0.24417136659643096,-0.10450098067775243,0.4205975785254612,0.0,269.88182731575534,270.54080146170764,1.0,1.0
500,0.006642156268695387,10000,33.21078134347693,300,600,1.9926468806086162,0.06,0.3371843970567445,0.0,0.2633286976377401,0.8467358536003401,0.5466834018651974,1.2807986346093814,0.0,269.88182731575534,272.1670135099896,1.0,1.0
500,0.006642156268695387,10000,33.21078134347693,1000,2000,6.642156268695387,0.2,1.2166629836399268,0.0,0.8829077809539914,2.9451686729585758,3.604104354726867,4.140440174292747,0.0,269.88182731575534,277.83030234786713,1.0,1.0
500,0.006642156268695387,10000,33.21078134347693,3000,6000,19.92646880608616,0.6,3.6313319943745093,0.0,2.7227173062840637,8.936032370383723,12.075720138715159,11.540081166143946,31622733.53070901,269.88182731575534,293.99855476647434,1.0,1.0
500,0.006642156268695387,10000,33.21078134347693,10000,20000,66.42156268695386,2.0,11.553891800809357,0.0,9.903189484411367,33.55486862663623,41.7452484233452,31.45997653239504,31622766.704098824,269.88182731575534,360.4403199187223,1.0,1.0
500,0.006642156268695387,10000,33.21078134347693,30000,60000,199.2646880608616,6.0,28.874512409488894,0.0,37.912069148663505,120.77082175439553,143.01334010834123,60.54146218372662,31622773.316666637,269.88182731575534,595.8203279307718,1.0,1.0
500,0.006642156268695387,30000,99.6323440304308,10,20,0.06642156268695387,0.0006666666666666666,0.12836975373916593,0.0,0.04837219568741182,-0.0370546378733372,-0.6088882941156897,0.02757342063743895,0.0,94.3956832183851,94.36070523980047,1.0,1.0
500,0.006642156268695387,30000,99.6323440304308,30,60,0.19926468806086162,0.002,0.12243614394826796,0.0,0.05425443605854971,-0.010238458447983377,-0.5547040856682066,0.08051491453175963,0.0,94.3956832183851,94.3860185555821,1.0,1.0
500,0.006642156268695387,30000,99.6323440304308,100,200,0.6642156268695387,0.006666666666666667,0.10097490681663102,0.0,0.07492592482069678,0.08716589772598242,-0.3523888460885448,0.2824453176653807,0.0,94.3956832183851,94.47796406307698,1.0,1.0
500,0.006642156268695387,30000,99.6323440304308,300,600,1.9926468806086162,0.02,0.16590612018421158,0.0,0.13465873709607043,0.3695192106841421,0.2276848363588718,0.8592577547360536,0.0,94.3956832183851,94.74449340193358,1.0,1.0
500,0.006642156268695387,30000,99.6323440304308,1000,2000,6.642156268695387,0.06666666666666667,0.670029113201287,0.0,0.3436487358222768,1.3597201819712263,2.207814447387394,2.827024385468768,0.0,94.3956832183851,95.67920037401511,1.0,1.0
500,0.006642156268695387,30000,99.6323440304308,3000,6000,19.92646880608616,0.2,2.1201915161714213,0.0,0.9472865329700261,4.285839248738105,7.549627347880442,8.16445689740899,31622724.83901811,94.3956832183851,98.44133045887314,1.0,1.0
500,0.006642156268695387,30000,99.6323440304308,10000,20000,66.42156268695386,0.6666666666666666,7.16243010738734,0.0,3.1434419935646716,16.67302958225722,26.732576749536175,24.26278777581794,31622766.704098824,94.3956832183851,110.13430340576026,1.0,1.0
500,0.006642156268695387,30000,99.6323440304308,30000,60000,199.2646880608616,2.0,20.626228554955762,0.0,10.15796891601988,65.33238191595456,97.75356188405635,53.39311145837608,31622773.316666637,94.3956832183851,156.0666314907951,1.0,1.0
1000,0.0033210781343476934,10,0.016605390671738465,10,20,0.033210781343476936,2.0,0.12244233490240619,0.0,0.0294648325429183,-0.01445649313782087,-0.5183344384552965,0.030547531242375303,0.0,526077.7467590907,526001.6943657309,1.0,1.0
1000,0.0033210781343476934,10,0.016605390671738465,30,60,0.09963234403043081,6.0,0.11632201207362192,0.0,0.07616620059216381,0.030884985960004663,-0.46648083270980745,0.07725155524145322,0.0,526077.7467590907,526240.225797316,1.0,1.0
1000,0.0033210781343476934,10,0.016605390671738465,100,200,0.33210781343476936,20.0,0.09660124104619028,0.0,0.3243083748804061,0.2710132423218492,-0.19476106236940896,0.32556116836433,0.0,526077.7467590907,527503.4871177162,1.0,1.0
1000,0.0033210781343476934,10,0.016605390671738465,300,600,0.9963234403043081,60.0,0.33883876969533766,0.0,1.0070334865778003,0.930536523762703,0.5444504944150805,1.0023827792512097,0.0,526077.7467590907,530973.0923360719,1.0,1.0
1000,0.0033210781343476934,10,0.016605390671738465,1000,2000,3.3210781343476934,200.0,1.1504345996941057,0.0,3.2956953289065685,3.1167230878105676,2.9180386934516265,3.2096632006552106,0.0,526077.7467590907,542474.1333521649,1.0,1.0
1000,0.0033210781343476934,10,0.016605390671738465,3000,6000,9.96323440304308,600.0,3.3180885027641494,0.0,9.556136536668983,9.474318818642963,8.905975501844669,8.789593661504613,31622668.621424824,526077.7467590907,575920.0297209801,1.0,1.0
1000,0.0033210781343476934,10,0.016605390671738465,10000,20000,33.21078134347693,2000.0,10.009060305946683,0.0,31.66363864878317,31.486506696769172,30.63068299186731,24.141358399104142,31622755.954683222,526077.7467590907,691721.2517226042,1.0,1.0
1000,0.0033210781343476934,10,0.016605390671738465,30000,60000,99.6323440304308,6000.0,24.166092991667913,0.0,96.03913805797987,95.67076992556046,93.12948968501739,49.07280641232917,31622769.748926144,526077.7467590907,1029380.377490553,1.0,1.0
1000,0.0033210781343476934,30,0.049816172015215404,10,20,0.033210781343476936,0.6666666666666666,0.12243896881835026,0.0,0.029299791999412825,-0.014431082250707251,-0.5129946795013279,0.030529885993269,0.0,175341.75865066738,175316.45493725667,1.0,1.0
1000,0.0033210781343476934,30,0.049816172015215404,30,60,0.09963234403043081,2.0,0.1162619637280482,0.0,0.07586282773432637,0.030764021545920985,-0.46174513984756266,0.07721929783880421,0.0,175341.75865066738,175395.70082707767,1.0,1.0
1000,0.0033210781343476934,30,0.049816172015215404,100,200,0.33210781343476936,6.666666666666667,0.09639275329507146,0.0,0.321829425242035,0.2697892545811033,-0.19340474073894928,0.32522140484004813,0.0,175341.75865066738,175814.81187430042,1.0,1.0
1000,0.0033210781343476934,30,0.049816172015215404,300,600,0.9963234403043081,20.0,0.3381274643263543,0.0,0.9989984310810375,0.926408337081865,0.5367773370982105,1.0012961773537166,0.0,175341.75865066738,176966.13932119313,1.0,1.0
1000,0.0033210781343476934,30,0.049816172015215404,1000,2000,3.3210781343476934,66.66666666666667,1.1481291151410389,0.0,3.2708168790123144,3.1036190105547248,2.8824500936007817,3.2060188753781804,0.0,175341.75865066738,180783.69880559048,1.0,1.0
1000,0.0033210781343476934,30,0.049816172015215404,3000,6000,9.96323440304308,200.0,3.314677722402748,0.0,9.490381777309677,9.490428709291827,8.805712478829493,8.781690466216851,31622668.621424824,175341.75865066738,191982.4432530275,1.0,1.0
1000,0.0033210781343476934,30,0.049816172015215404,10000,20000,33.21078134347693,666.6666666666666,9.996368295489633,0.0,31.48932861150971,31.482783537634983,30.50065088155167,24.12660194511147,31622755.954683222,175341.75865066738,230544.22497773936,1.0,1.0
1000,0.0033210781343476934,30,0.049816172015215404,30000,60000,99.6323440304308,2000.0,24.14381978404134,0.0,95.67180431467655,95.62029282861246,92.88824735309434,49.058816077716386,31622769.748926144,175341.75865066738,343004.06172327447,1.0,1.0
1000,0.0033210781343476934,100,0.16605390671738468,10,20,0.033210781343476936,0.2,0.12198997278751733,0.0,0.028501858771791254,-0.015572645607483924,-0.42462825919566854,0.030469296054513872,0.0,52588.07984131565,52579.89048601018,1.0,1.0
1000,0.0033210781343476934,100,0.16605390671738468,30,60,0.09963234403043081,0.6,0.11466564682904856,0.0,0.07430162523040063,0.03286560823753871,-0.38237829675629,0.07710767170278077,0.0,52588.07984131565,52605.36323361594,1.0,1.0
1000,0.0033210781343476934,100,0.16605390671738468,100,200,0.33210781343476936,2.0,0.09592846207429617,0.0,0.3113207157962365,0.28776886679407376,-0.16167226718326155,0.32408583372408595,0.0,52588.07984131565,52739.41196274377,1.0,1.0
1000,0.0033210781343476934,100,0.16605390671738468,300,600,0.9963234403043081,6.0,0.3356527889717187,0.0,0.9653807971244377,0.9879506888536076,0.44021391689435796,0.9976866186040434,0.0,52588.07984131565,53107.624138362815,1.0,1.0
1000,0.0033210781343476934,100,0.16605390671738468,1000,2000,3.3210781343476934,20.0,1.1467780188372911,0.0,3.203525357822435,3.306638851559364,2.3853454799074214,3.1942279608352053,0.0,52588.07984131565,54326.97772063765,1.0,1.0
1000,0.0033210781343476934,100,0.16605390671738468,3000,6000,9.96323440304308,60.0,3.297723019633403,0.0,9.356592388078296,9.517894714737922,8.714269219881428,8.75591599603065,31622668.621424824,52588.07984131565,57593.35791311439,1.0,1.0
1000,0.0033210781343476934,100,0.16605390671738468,10000,20000,33.21078134347693,200.0,9.983909692753102,0.0,30.99271037569017,31.444859819863304,30.267933733489315,24.077891780266604,31622755.954683222,52588.07984131565,69124.32782937515,1.0,1.0
1000,0.0033210781343476934,100,0.16605390671738468,30000,60000,99.6323440304308,600.0,24.15141713188903,0.0,94.48941625170298,95.16209019320809,93.6501765190923,49.01217253907362,31622769.748926144,52588.07984131565,102631.99581078473,1.0,1.0
1000,0.0033210781343476934,300,0.49816172015215393,10,20,0.033210781343476936,0.06666666666666667,0.12194217066132662,0.0,0.02706425929826266,-0.015966035757059332,-0.42100996970293475,0.030299176745007816,0.0,17536.973578319306,17534.173618847086,1.0,1.0
1000,0.0033210781343476934,300,0.49816172015215393,30,60,0.09963234403043081,0.2,0.11465345255274872,0.0,0.07170386437017426,0.03200706123458807,-0.379283645635815,0.07679938968437883,0.0,17536.973578319306,17542.586648191213,1.0,1.0
1000,0.0033210781343476934,300,0.49816172015215393,100,200,0.33210781343476936,0.6666666666666666,0.09407786801091111,0.0,0.2895608470259928,0.28113010822830153,-0.16304679635923977,0.321092369458309,0.0,17536.973578319306,17586.275291120004,1.0,1.0
1000,0.0033210781343476934,300,0.49816172015215393,300,600,0.9963234403043081,2.0,0.3299445349772667,0.0,0.9002937414621933,0.9665719261495608,0.4274480093026477,0.9881291848211293,0.0,17536.973578319306,17706.481041623607,1.0,1.0
1000,0.0033210781343476934,300,0.49816172015215393,1000,2000,3.3210781343476934,6.666666666666667,1.1311786776857402,0.0,2.9926205436157858,3.241396449421919,2.339240459759391,3.1635837819208645,0.0,17536.973578319306,18105.41641722301,1.0,1.0
1000,0.0033210781343476934,300,0.49816172015215393,3000,6000,9.96323440304308,20.0,3.256696958924399,0.0,8.774695231974764,9.349174077318784,8.734886235172027,8.687763025862028,31622668.621424824,17536.973578319306,19176.53576604978,1.0,1.0
1000,0.0033210781343476934,300,0.49816172015215393,10000,20000,33.21078134347693,66.66666666666667,9.89232423287686,0.0,29.358383179075844,31.02787600265382,30.149478797405365,23.948062915730127,31622755.954683222,17536.973578319306,22978.323994818384,1.0,1.0
1000,0.0033210781343476934,300,0.49816172015215393,30000,60000,99.6323440304308,200.0,24.009204450208454,0.0,90.87899204336301,94.28321889955595,93.27473525051131,48.88649482060319,31622769.748926144,17536.973578319306,34071.39676552339,1.0,1.0
1000,0.0033210781343476934,1000,1.6605390671738465,10,20,0.033210781343476936,0.02,0.12247449493106854,0.0,0.022764064816531943,-0.016443876366570246,-0.5327785422248527,0.029736032182914318,0.0,5268.470250053504,5267.603909319176,1.0,1.0
1000,0.0033210781343476934,1000,1.6605390671738465,30,60,0.09963234403043081,0.06,0.1165755098853416,0.0,0.06390232853845153,0.02781535771117601,-0.48054509146868507,0.07577232697852931,0.0,5268.470250053504,5269.935693899463,1.0,1.0
1000,0.0033210781343476934,1000,1.6605390671738465,100,200,0.33210781343476936,0.2,0.0901752166943548,0.0,0.23903238063377671,0.24810450367444273,-0.21690858267947466,0.3119160082308503,0.0,5268.470250053504,5281.541562018635,1.0,1.0
1000,0.0033210781343476934,1000,1.6605390671738465,300,600,0.9963234403043081,0.6,0.3135283806975031,0.0,0.7370777209870942,0.8578678756734298,0.5045102940917665,0.9588980327048469,0.0,5268.470250053504,5313.666763868125,1.0,1.0
1000,0.0033210781343476934,1000,1.6605390671738465,1000,2000,3.3210781343476934,2.0,1.0766205698373277,0.0,2.4496061256742303,2.8979483406330018,2.8365217132168765,3.0723459036023693,0.0,5268.470250053504,5421.147796241673,1.0,1.0
1000,0.0033210781343476934,1000,1.6605390671738465,3000,6000,9.96323440304308,6.0,3.13625354148378,0.0,7.2480622536686665,8.727244411596862,8.754275796897963,8.478311879948341,31622668.621424824,5268.470250053504,5728.262525527942,1.0,1.0
1000,0.0033210781343476934,1000,1.6605390671738465,10000,20000,33.21078134347693,20.0,9.561490003455141,0.0,24.89098808248256,29.485526551068315,29.857106071954643,23.54024867188651,31622755.954683222,5268.470250053504,6821.906444468165,1.0,1.0
1000,0.0033210781343476934,1000,1.6605390671738465,30000,60000,99.6323440304308,60.0,23.468971836511297,0.0,79.77340660567113,91.42952166694411,91.47754475714615,48.48322161516315,31622769.748926144,5268.470250053504,10085.407398842677,1.0,1.0
1000,0.0033210781343476934,3000,4.98161720152154,10,20,0.033210781343476936,0.006666666666666667,0.12297142835432373,0.0,0.015289177393243664,-0.019395389915690942,-0.5286090347727873,0.028305037350273565,0.0,1760.294534964083,1759.953118975362,1.0,1.0
1000,0.0033210781343476934,3000,4.98161720152154,30,60,0.09963234403043081,0.02,0.11719114066461866,0.0,0.046785801621319345,0.022184088854750393,-0.4788510749192183,0.07311881153478916,0.0,1760.294534964083,1760.6850402678247,1.0,1.0
1000,0.0033210781343476934,3000,4.98161720152154,100,200,0.33210781343476936,0.06666666666666667,0.0921983315382291,0.0,0.16683863201765137,0.21095001867979415,-0.2418914252193551,0.2914405215795446,0.0,1760.294534964083,1764.007876614409,1.0,1.0
1000,0.0033210781343476934,3000,4.98161720152154,300,600,0.9963234403043081,0.2,0.2756301930819438,0.0,0.5142764826146552,0.7406798183871864,0.41296784345038134,0.8944129624204766,0.0,1760.294534964083,1773.3326813287345,1.0,1.0
1000,0.0033210781343476934,3000,4.98161720152154,1000,2000,3.3210781343476934,0.6666666666666666,0.968746118370567,0.0,1.7244658872083511,2.53561006568413,2.5536958591176813,2.8739344675043577,0.0,1760.294534964083,1804.9287403783198,1.0,1.0
1000,0.0033210781343476934,3000,4.98161720152154,3000,6000,9.96323440304308,2.0,2.8495816038492605,0.0,5.184980864527074,7.723764013074487,8.055378672367688,8.006779372914497,31622668.621424824,1760.294534964083,1896.2555307797556,1.0,1.0
1000,0.0033210781343476934,3000,4.98161720152154,10000,20000,33.21078134347693,6.666666666666667,8.834945219850265,0.0,18.255048371675272,26.452333626407576,27.97864739531019,22.58300571810221,31622755.954683222,1760.294534964083,2225.933518160202,1.0,1.0
1000,0.0033210781343476934,3000,4.98161720152154,30000,60000,99.6323440304308,20.0,22.20646806848854,0.0,61.13374494647179,84.07988052467988,87.36750634045993,47.46715080581776,31622769.748926144,1760.294534964083,3240.3480768443533,1.0,1.0
1000,0.0033210781343476934,10000,16.605390671738466,10,20,0.033210781343476936,0.002,0.12428778784658867,0.0,0.006436634711443466,-0.02827056354721639,-0.43954659225197806,0.02454634031257008,0.0,532.5287453421348,532.3781964647757,1.0,1.0
1000,0.0033210781343476934,10000,16.605390671738466,30,60,0.09963234403043081,0.006,0.11806789678278085,0.0,0.022131714462848014,0.008391096366262348,-0.4033018937393747,0.06571748683936729,0.0,532.5287453421348,532.5734303423345,1.0,1.0
1000,0.0033210781343476934,10000,16.605390671738466,100,200,0.33210781343476936,0.02,0.09849950891471781,0.0,0.0790283485185137,0.15423266680565118,-0.2486507565593378,0.2471452710015032,0.0,532.5287453421348,533.3500786275827,1.0,1.0
1000,0.0033210781343476934,10000,16.605390671738466,300,600,0.9963234403043081,0.06,0.20377659285472083,0.0,0.24402843527424398,0.5724379346870632,0.18750387560730236,0.7564002927850644,0.0,532.5287453421348,535.5771418935863,1.0,1.0
1000,0.0033210781343476934,10000,16.605390671738466,1000,2000,3.3210781343476934,0.2,0.7478154065703513,0.0,0.8218503879147206,2.012240851603808,1.6493898419496555,2.452167914824599,0.0,532.5287453421348,543.2445063024425,1.0,1.0
1000,0.0033210781343476934,10000,16.605390671738466,3000,6000,9.96323440304308,0.6,2.2675458516857816,0.0,2.4950771381477477,6.027834232673661,5.705291576001142,6.951207952169469,31622646.83108832,532.5287453421348,564.6286953526956,1.0,1.0
1000,0.0033210781343476934,10000,16.605390671738466,10000,20000,33.21078134347693,2.0,7.280152702550535,0.0,8.7566177347334,20.63851608436405,22.943397196900776,20.253534231626347,31622755.954683222,532.5287453421348,642.4347761034334,1.0,1.0
1000,0.0033210781343476934,10000,16.605390671738466,30000,60000,99.6323440304308,6.0,19.29577874743983,0.0,30.851915348336316,67.44019494321735,75.57346260421978,44.686382953096704,31622769.748926144,532.5287453421348,891.66716932954,1.0,1.0
1000,0.0033210781343476934,30000,49.8161720152154,10,20,0.033210781343476936,0.0006666666666666666,0.1273866739932239,0.0,0.013033963145133269,-0.03828535921089851,-0.4404352133701872,0.018443573629289833,0.0,182.13885699834475,182.0691244826803,1.0,1.0
1000,0.0033210781343476934,30000,49.8161720152154,30,60,0.09963234403043081,0.002,0.12243686356241401,0.0,0.01890167416712565,-0.015484823009575332,-0.4135399757638417,0.052072718207363256,0.0,182.13885699834475,182.1106531187069,1.0,1.0
1000,0.0033210781343476934,30000,49.8161720152154,100,200,0.33210781343476936,0.006666666666666667,0.1071588952900604,0.0,0.039695982078422405,0.06904258791716801,-0.3092585925498264,0.1862149769996213,0.0,182.13885699834475,182.26461037881916,1.0,1.0
1000,0.0033210781343476934,30000,49.8161720152154,300,600,0.9963234403043081,0.02,0.11920416216050223,0.0,0.09987577168125539,0.31363385775731933,-0.01064093615050257,0.5682760609500348,0.0,182.13885699834475,182.71010612202375,1.0,1.0
1000,0.0033210781343476934,30000,49.8161720152154,1000,2000,3.3210781343476934,0.06666666666666667,0.48497003866021515,0.0,0.31024569868397056,1.165727025548255,1.011303568524034,1.8655947653239413,0.0,182.13885699834475,184.26209887839914,1.0,1.0
1000,0.0033210781343476934,30000,49.8161720152154,3000,6000,9.96323440304308,0.2,1.5264276355775541,0.0,0.9167146931705813,3.5964024741229297,3.814258659037927,5.4004378888906075,140026.04131762948,182.13885699834475,188.68930335777245,1.0,1.0
1000,0.0033210781343476934,30000,49.8161720152154,10000,20000,33.21078134347693,0.6666666666666666,5.128777104449589,0.0,3.1195393099784785,12.423615646086244,17.050243540910483,16.447224103499035,31622755.954683222,182.13885699834475,204.76708853399376,1.0,1.0
1000,0.0033210781343476934,30000,49.8161720152154,30000,60000,99.6323440304308,2.0,14.633374549971867,0.0,10.11378046872581,44.00607279547193,57.08932870122491,39.26657311000682,31622769.748926144,182.13885699834475,262.29101499787686,1.0,1.0
