panel,M,C,on_A_final,on_B_final,off_A_final,off_B_final,d_on_max_pp,d_on_final_pp,d_off_max_pp,d_off_final_pp,spec_A_final,spec_B_final,spec_pct_final,spec_log2_final,depletion_pct,sequestration_pct,min_Cfree,timing_pct,spearman_off,ranking_inversions,nan_inf,min_cleaved,gpu,gpu_time_s,flag_on_1pp,flag_on_5pp,flag_spec,flag_depletion,flag_timing,flag_ranking
CONTROLLED_STRESS,1,0.1,0.9997217270025255,0.9997217261718746,0.0,0.0,8.347253693807843e-05,-8.306508814115432e-08,0.0,0.0,999721727002.5255,999721726171.8746,-8.308820909562482e-08,-1.1987095446908452e-09,0.0003400332323377775,0.0003400332323570206,0.09999965996676767,0.00024539119842041277,nan,0,False,-1.36807845108581e-16,True,41.8962664604187,False,False,False,False,False,False
CONTROLLED_STRESS,1,0.3,1.0,1.0,0.0,0.0,8.343827151979788e-05,0.0,0.0,0.0,1000000000000.0,1000000000000.0,0.0,0.0,0.00033978430616921074,0.00033978430623861003,0.29999898064708147,0.0002427701169801087,nan,0,False,0.0,True,45.457545042037964,False,False,False,False,False,False
CONTROLLED_STRESS,1,1.0,1.0,1.0,0.0,0.0,8.329836485021502e-05,0.0,0.0,0.0,1000000000000.0,1000000000000.0,0.0,0.0,0.0003390213706211398,0.00033902137078538173,0.9999966097862938,0.00023714087683230001,nan,0,False,-1.36807845108581e-16,True,43.90150499343872,False,False,False,False,False,False
CONTROLLED_STRESS,1,3.0,1.0,1.0,0.0,0.0,8.328780050081974e-05,0.0,0.0,0.0,1000000000000.0,1000000000000.0,0.0,0.0,0.000337176145970286,0.0003371761462690651,2.999989884715621,0.00023424334929168908,nan,0,False,0.0,True,43.847471714019775,False,False,False,False,False,False
CONTROLLED_STRESS,1,10.0,1.0,1.0,0.0,0.0,8.307780182126301e-05,0.0,0.0,0.0,1000000000000.0,1000000000000.0,0.0,0.0,0.00033202189509973223,0.0003320218958924729,9.99996679781049,0.0002470976918407256,nan,0,False,0.0,True,39.58188343048096,False,False,False,False,False,False
CONTROLLED_STRESS,1,30.0,1.0,1.0,0.0,0.0,8.218008048510583e-05,0.0,0.0,0.0,1000000000000.0,1000000000000.0,0.0,0.0,0.0003207020455198162,0.0003207020469551532,29.999903789386344,0.00023571564319582657,nan,0,False,0.0,True,27.577699661254883,False,False,False,False,False,False
CONTROLLED_STRESS,1,100.0,1.0,1.0,0.0,0.0,7.916539032093439e-05,0.0,0.0,0.0,1000000000000.0,1000000000000.0,0.0,0.0,0.0002935178256224802,0.000293517828144902,99.99970648217437,0.0002038403761171097,nan,0,False,0.0,True,6.633831977844238,False,False,False,False,False,False
CONTROLLED_STRESS,10,0.1,0.9997217270025255,0.999721014139859,0.334360862911459,0.3343591341840531,0.015275301019257448,-7.128626664520965e-05,0.004918355552346876,-0.00017287274058919166,2.9899483997451837,2.9899617265624254,0.00044572064330226403,6.430375286436066e-06,0.04766589575417868,0.04766590420545251,0.09995233410424582,0.043638999171844106,1.0,0,False,-2.73615690217162e-16,True,5.977377414703369,False,False,False,False,False,False
CONTROLLED_STRESS,10,0.3,1.0,1.0,0.33843759272934687,0.3384362146520781,0.015222153038529918,0.0,0.004903449091095413,-0.0001378077268743283,2.954754499736555,2.9547665311913303,0.00040718965911376223,5.874493059038718e-06,0.04733937418860412,0.047339392340083844,0.2998579818774342,0.04311670285458142,1.0,0,False,-5.47231380434324e-16,True,6.03064489364624,False,False,False,False,False,False
CONTROLLED_STRESS,10,1.0,1.0,1.0,0.3500270328037222,0.350022804513635,0.015080646169174372,0.0,0.004842274443100925,-0.0004228290087227027,2.856922198228882,2.8569567099682747,0.001208004173648467,1.7427711043414893e-05,0.04644078139827146,0.046440822981280126,0.9995355921860173,0.041621970505978066,1.0,0,False,-6.84039225542905e-16,True,5.815194129943848,False,False,False,False,False,False
CONTROLLED_STRESS,10,3.0,1.0,1.0,0.3808282626661581,0.38081740766097716,0.014668268309780963,0.0,0.004674325977604976,-0.0010855005180943067,2.6258555313001932,2.6259303799673583,0.002850448787943308,4.1122697218745185e-05,0.044546868592831856,0.04454694919317727,2.998663593942215,0.039725439093812306,1.0,0,False,-8.20847070651486e-16,True,44.669589042663574,False,False,False,False,False,False
CONTROLLED_STRESS,10,10.0,1.0,1.0,0.4666886333271532,0.46666631974854833,0.013300826050577363,0.0,0.0041108348338536604,-0.0022313578604882256,2.142756280281735,2.142858735845095,0.0047814846841308595,6.898059328361736e-05,0.040155723375490116,0.04015584837670218,9.995984427662451,0.036992758465194085,1.0,0,False,-8.20847070651486e-16,True,45.45825695991516,False,False,False,False,False,False
CONTROLLED_STRESS,10,30.0,1.0,1.0,0.6023509597487,0.6023295888378519,0.010337440070262716,0.0,0.0028493293135561926,-0.002137091084808418,1.6601617110654867,1.660220614311447,0.003548042673657545,5.118652764699729e-05,0.0329134101115125,0.032913548491125495,29.990125976966546,0.025471002375005804,1.0,0,False,-6.84039225542905e-16,True,46.493691205978394,False,False,False,False,False,False
CONTROLLED_STRESS,10,100.0,1.0,1.0,0.7249815276015039,0.7249758134256007,0.00577133739581015,0.0,0.0011709243012192339,-0.0005714175903226426,1.379345489404365,1.3793563612467243,0.0007881884881465158,1.1371111418464747e-05,0.021576372306952862,0.021576455604628682,99.97842362769305,0.011124994118227368,1.0,0,False,-6.84039225542905e-16,True,47.372546434402466,False,False,False,False,False,False
CONTROLLED_STRESS,100,0.1,0.9997217270025255,0.9997150639602649,0.5343941763938322,0.5342864834857072,0.12443566568601794,-0.000666304226060177,0.061775444635620014,-0.010769290812506771,1.870757151110663,1.87112175744408,0.019489773603173378,0.0002811506003356407,0.3695547557511669,0.369555982305388,0.09963044524424884,0.35208980164063713,1.0,0,False,-3.26913290514563e-11,True,48.80043959617615,False,False,False,False,False,False
CONTROLLED_STRESS,100,0.3,1.0,1.0,0.5740670247195986,0.5739850430112875,0.12389486487814905,0.0,0.06149599905128644,-0.00819817083110852,1.7419568742634282,1.7422056762175817,0.01428289975655199,0.00020604397230623123,0.36540509126329335,0.3654078646253227,0.2989037847262101,0.34720516916714317,0.9998021026592455,0,False,-1.3214516013159035e-10,True,47.443498373031616,False,False,False,False,False,False
CONTROLLED_STRESS,100,1.0,1.0,1.0,0.6067455546117507,0.6066921516795111,0.12187247399537693,0.0,0.060460659672739725,-0.005340293223965453,1.6481373326883952,1.6482824068682003,0.008802311368573762,0.0001269849208759176,0.3552453301316927,0.3552503521788402,0.9964475466986831,0.33265410294876885,0.9959678416821274,0,False,-5.188340392172907e-10,True,47.82825255393982,False,False,False,False,False,False
CONTROLLED_STRESS,100,3.0,1.0,1.0,0.6375290764839739,0.637459196970868,0.11652557650946305,0.0,0.057722060560777555,-0.006987951310599705,1.5685559088747998,1.5687278570147158,0.01096219388439224,0.00015814235976503347,0.33765084674423074,0.3376581859527678,2.989870474597673,0.3122612711836149,0.9847124304267162,0,False,-1.5770215159161729e-09,True,47.97595548629761,False,False,False,False,False,False
CONTROLLED_STRESS,100,10.0,1.0,1.0,0.6853745114222088,0.6853084541467551,0.10328400549575179,0.0,0.05076118069191615,-0.006605727545372364,1.4590563018216978,1.4591969410965362,0.009639057427923575,0.00013905550178891767,0.30352904637677147,0.3035373472791724,9.969647095362323,0.28574819365924364,0.9703277674706247,0,False,-4.662136924763153e-09,True,48.221447229385376,False,False,False,False,False,False
CONTROLLED_STRESS,100,30.0,1.0,1.0,0.7250608696230529,0.7250247837433104,0.08071253744299511,0.0,0.03837826972628022,-0.00360858797425756,1.3791945502706608,1.3792631954394863,0.004977192580402152,7.180392363815713e-05,0.25037754820401714,0.2503853442176566,29.924886735538795,0.20311199420302833,1.0,0,False,-1.02726100989168e-08,True,48.07446527481079,False,False,False,False,False,False
CONTROLLED_STRESS,100,100.0,1.0,1.0,0.7534987703800496,0.7534866690594064,0.047331191529054184,0.0,0.020480814839057837,-0.001210132064322078,1.3271421790035476,1.327163493478915,0.001606043098060412,2.3170118069823497e-05,0.16700014839422517,0.16700423025957842,99.83299985160578,0.09564919130272957,1.0,0,False,-2.4721183083434392e-08,True,47.118176221847534,False,False,False,False,False,False
CONTROLLED_STRESS,1000,0.1,0.9997217270025255,0.9996293718810977,0.5325836543577077,0.5311867300342323,1.6260735539327054,-0.009235512142780067,0.7970986707999783,-0.13969243234753792,1.8771168037560335,1.8818794133181653,0.25371940374725166,0.003655761526098639,4.717812448114211,4.717812448126522,0.09528218755188579,4.620333492334477,0.9999975807470798,0,False,-4.534920130443754e-11,True,48.45776867866516,True,False,False,False,False,False
CONTROLLED_STRESS,1000,0.3,1.0,1.0,0.5714350381181732,0.5704947506724649,1.6133776809275635,0.0,0.7901601727618168,-0.09402874457082877,1.7499801959841483,1.7528645072009994,0.16481964901479054,0.002375887475458388,4.651452212704443,4.651452212707057,0.28604564336188665,4.541818231426499,0.9876160609507303,0,False,-1.4132633461682722e-10,True,52.372870445251465,True,False,False,False,False,False
CONTROLLED_STRESS,1000,1.0,1.0,1.0,0.604667038759618,0.6040605161148063,1.568409424546502,0.0,0.7675607856241495,-0.06065226448117578,1.6538027309206291,1.6554632744913376,0.10040759636326477,0.0014478486599687436,4.47701828207856,4.477018282169484,0.9552298171792144,4.299660612956399,0.9997923895839728,0,False,-5.255622490397308e-10,True,52.031607151031494,True,False,False,False,False,False
CONTROLLED_STRESS,1000,3.0,1.0,1.0,0.6361408449344524,0.6353783704572534,1.4609788279293934,0.0,0.7136570618894111,-0.07624744771990155,1.5719789225316407,1.5738653477907516,0.12000321582376045,0.0017302424778060713,4.144614046203554,4.144614046576115,2.8756615786138933,3.9993699777881857,0.999076603657766,0,False,-1.5429303689935656e-09,True,50.96021223068237,True,False,False,False,False,False
CONTROLLED_STRESS,1000,10.0,1.0,1.0,0.6874789509539818,0.6867086185018568,1.2136933209818568,0.0,0.585005131766958,-0.07703324521249888,1.4545899894257024,1.4562217118814853,0.11217748421505529,0.0016174719516149814,3.531610538721952,3.5316105396400297,9.646838946127804,3.3089114312918673,0.999199985556699,0,False,-4.924065941619759e-09,True,52.42388105392456,True,False,False,False,False,False
CONTROLLED_STRESS,1000,30.0,1.0,1.0,0.7344763106421511,0.734026258790007,0.890411855538531,0.0,0.40979649430157306,-0.04500518521440844,1.3615143000654992,1.3623490822345654,0.06131277277259676,0.0008842852700068566,2.774926515802678,2.7749265164393297,29.167522045259197,2.21016016023996,0.9999986038142351,0,False,-1.45923288896557e-08,True,53.226428508758545,False,False,False,False,False,False
CONTROLLED_STRESS,1000,100.0,1.0,1.0,0.7694907082256608,0.7693425495809105,0.5026750995748785,0.0,0.20589300036181202,-0.014815864475026252,1.2995608514943113,1.2998111186537613,0.019257825377089116,0.0002778049429616426,1.79271757658086,1.792717576775054,98.20728242341914,1.087129769858566,0.999999133401939,0,False,-3.4069572599049364e-08,True,52.24213194847107,False,False,False,False,False,False
CONTROLLED_STRESS,10000,0.1,0.9997217270025255,0.9972803797532768,0.5265647284873971,0.5108685568290041,13.882745100612192,-0.24413472492487154,6.694341363237993,-1.5696171658392988,1.8985732862746323,1.9521271497731467,2.8207424957278975,0.04013133532029948,33.21998897643637,33.21998897686066,0.06678001102356364,46.08340719987204,0.9999995090287185,0,False,-4.2610581861053964e-11,True,50.63429522514343,True,True,False,True,True,False
CONTROLLED_STRESS,10000,0.3,1.0,0.9999999999999857,0.569457665532061,0.5596899664126911,13.794966303529188,-1.432187701766452e-12,6.65809564528303,-0.9767699119369921,1.7560567896893875,1.7867034608600476,1.7451981821193527,0.024960708768562913,32.98560520347842,32.9856052113493,0.20104318438956473,46.23022427498485,0.969958990525978,0,False,-1.3468034630929746e-10,True,52.187113523483276,True,True,False,True,True,False
CONTROLLED_STRESS,10000,1.0,1.0,1.0,0.6046858289989749,0.598665643106208,13.53951187220721,0.0,6.525337343574877,-0.6020185892766983,1.653751340020309,1.67038147505806,1.0056006991677853,0.01443529175819156,32.32434290650884,32.32434299697079,0.6767565709349116,45.05332370575522,0.9842936164670678,0,False,-5.593477672363655e-10,True,55.832629442214966,True,True,False,True,True,False
CONTROLLED_STRESS,10000,3.0,1.0,1.0,0.6367802739650268,0.6297871638208039,12.86712492366906,0.0,6.1723321943628395,-0.699311014422288,1.5704004047922997,1.5878380148804472,1.1103926129236235,0.01593129200409265,30.921896898628955,30.92189760743626,2.0723430930411313,42.0951619770775,0.9937915011265079,0,False,-1.6965330187833662e-09,True,55.79076623916626,True,True,False,True,True,False
CONTROLLED_STRESS,10000,10.0,1.0,1.0,0.6875742735895438,0.6802756067548656,11.117666860369335,0.0,5.279102925430534,-0.7298666834678169,1.4543883307005583,1.4699924414001158,1.0728985079267284,0.015396207629298206,27.87099563782458,27.870998589532046,7.212900436217542,34.6751981183251,0.9848846292990971,0,False,-5.183960352203911e-09,True,55.56477093696594,True,True,False,True,True,False
CONTROLLED_STRESS,10000,30.0,1.0,1.0,0.7343810682509047,0.7298365639363341,8.56178049521381,0.0,3.8889687176321797,-0.4544504314570541,1.3616908758015311,1.3701697741822962,0.6226742450461044,0.00895543769766891,23.46158792636154,23.46159162283122,22.961523622091537,24.020428688429647,0.9987888590979522,0,False,-1.3548332490729931e-08,True,58.08602237701416,True,True,False,True,True,False
CONTROLLED_STRESS,10000,100.0,1.0,1.0,0.7705599735414252,0.7689699053677899,5.061325768884162,0.0,2.0505501439984974,-0.1590068173635384,1.2977575196422297,1.3004410094832133,0.2067789860868053,0.002980110117889384,16.591606226528043,16.59160821820006,83.40839377347196,11.549226199296214,0.9997091628346672,0,False,-4.014658774978445e-08,True,58.96068596839905,True,True,False,True,True,False
DEFENSIBLE,1,0.1,0.9997217270025255,0.9997217261718746,0.0,0.0,8.347253693807843e-05,-8.306508814115432e-08,0.0,0.0,999721727002.5255,999721726171.8746,-8.308820909562482e-08,-1.1987095446908452e-09,0.0003400332323377775,0.0003400332323570206,0.09999965996676767,0.00024539119842041277,nan,0,False,-1.36807845108581e-16,True,46.43237662315369,False,False,False,False,False,False
DEFENSIBLE,1,0.3,1.0,1.0,0.0,0.0,8.343827151979788e-05,0.0,0.0,0.0,1000000000000.0,1000000000000.0,0.0,0.0,0.00033978430616921074,0.00033978430623861003,0.29999898064708147,0.0002427701169801087,nan,0,False,0.0,True,45.547298192977905,False,False,False,False,False,False
DEFENSIBLE,1,1.0,1.0,1.0,0.0,0.0,8.329836485021502e-05,0.0,0.0,0.0,1000000000000.0,1000000000000.0,0.0,0.0,0.0003390213706211398,0.00033902137078538173,0.9999966097862938,0.00023714087683230001,nan,0,False,-1.36807845108581e-16,True,46.15175914764404,False,False,False,False,False,False
DEFENSIBLE,1,3.0,1.0,1.0,0.0,0.0,8.328780050081974e-05,0.0,0.0,0.0,1000000000000.0,1000000000000.0,0.0,0.0,0.000337176145970286,0.0003371761462690651,2.999989884715621,0.00023424334929168908,nan,0,False,0.0,True,8.11493968963623,False,False,False,False,False,False
DEFENSIBLE,1,10.0,1.0,1.0,0.0,0.0,8.307780182126301e-05,0.0,0.0,0.0,1000000000000.0,1000000000000.0,0.0,0.0,0.00033202189509973223,0.0003320218958924729,9.99996679781049,0.0002470976918407256,nan,0,False,0.0,True,4.967044830322266,False,False,False,False,False,False
DEFENSIBLE,1,30.0,1.0,1.0,0.0,0.0,8.218008048510583e-05,0.0,0.0,0.0,1000000000000.0,1000000000000.0,0.0,0.0,0.0003207020455198162,0.0003207020469551532,29.999903789386344,0.00023571564319582657,nan,0,False,0.0,True,4.6890106201171875,False,False,False,False,False,False
DEFENSIBLE,1,100.0,1.0,1.0,0.0,0.0,7.916539032093439e-05,0.0,0.0,0.0,1000000000000.0,1000000000000.0,0.0,0.0,0.0002935178256224802,0.000293517828144902,99.99970648217437,0.0002038403761171097,nan,0,False,0.0,True,4.75969934463501,False,False,False,False,False,False
DEFENSIBLE,10,0.1,0.9997217270025255,0.9997207517027132,7.15915558621955e-05,7.156280413314607e-05,0.014856471716495623,-9.752998122447565e-05,2.875172904943132e-06,-2.875172904943132e-06,13964.240628638105,13969.83740146413,0.04007932099471088,0.0005781065335630258,0.04051030553515744,0.040510310095069446,0.09995948969446485,0.04105395210432116,1.0,0,False,-2.7610832915504035e-11,True,4.9245123863220215,False,False,False,False,False,False
DEFENSIBLE,10,0.3,1.0,1.0,0.0002142698649831407,0.00021418417871997425,0.014808759757845014,0.0,8.568626316644845e-06,-8.568626316644845e-06,4667.011833006339,4668.878912099887,0.040005878715455113,0.0005770474095433669,0.04044742000306467,0.04044743182604906,0.2998786577399908,0.040619179234066535,1.0,0,False,-1.2307261107536968e-10,True,13.845596075057983,False,False,False,False,False,False
DEFENSIBLE,10,1.0,1.0,1.0,0.0007084045633937382,0.0007081253182753158,0.014670966542318364,0.0,2.7924511842236047e-05,-2.7924511842236047e-05,1411.6227509852552,1412.1794162414417,0.039434420832195,0.0005688062883861543,0.040231121657263724,0.04023115516178792,0.9995976887834274,0.039246854230105044,1.0,0,False,-2.362382820472015e-10,True,46.6055793762207,False,False,False,False,False,False
DEFENSIBLE,10,3.0,1.0,1.0,0.0020767720504254548,0.0020759839080488726,0.014302979939706528,0.0,7.881423765821426e-05,-7.881423765821426e-05,481.5164954254946,481.6993020230862,0.037964763269440004,0.0005476118137853392,0.039633086062185185,0.039633168984263084,2.9988110074181344,0.03758362344486103,1.0,0,False,-9.116116882573936e-10,True,45.46647000312805,False,False,False,False,False,False
DEFENSIBLE,10,10.0,1.0,1.0,0.006410463297558965,0.006408322534630012,0.013081664413439054,0.0,0.00021407629289529537,-0.00021407629289529537,155.99496532876088,156.04707697529903,0.03340597975602925,0.00048186593176324024,0.03770270329045422,0.03770291172490949,9.996229729670954,0.03568673809383621,1.0,0,False,-3.0192265617171654e-09,True,45.19839668273926,False,False,False,False,False,False
DEFENSIBLE,10,30.0,1.0,1.0,0.01586725192888117,0.0158634207293796,0.01050896507909238,0.0,0.0003831199501567323,-0.0003831199501567323,63.022885400640966,63.03810615606554,0.02415115608847858,0.000348385463340365,0.03317874215539307,0.03317907204163576,29.990046377353384,0.025921909960571667,1.0,0,False,-5.488809273459362e-09,True,45.89291763305664,False,False,False,False,False,False
DEFENSIBLE,10,100.0,1.0,1.0,0.03274337714464477,0.0327399515642517,0.006131400931852493,0.0,0.00034255803930752227,-0.00034255803930752227,30.54052718972548,30.543722644395803,0.010462997742218018,0.00015094125320293998,0.023491427104604945,0.023491772682798708,99.9765085728954,0.011834780126070657,1.0,0,False,-1.9306279323212517e-08,True,29.547215700149536,False,False,False,False,False,False
DEFENSIBLE,100,0.1,0.9997217270025255,0.9997081655673321,0.026723901425927177,0.02669498902347211,0.20778936837271278,-0.0013561435193376603,0.004818581175162519,-0.0028912402455068265,37.40927310842419,37.449281760365935,0.10694848794786248,0.001542116043944286,0.5686712923002157,0.5686751211196459,0.09943132870769979,0.5752037566582822,0.9999628942486085,0,False,-5.3246707779020596e-11,True,25.75038456916809,False,False,False,False,False,False
DEFENSIBLE,100,0.3,1.0,1.0,0.033862803487817617,0.033824057801765506,0.205940372442448,0.0,0.0047619394269268756,-0.0038745686052110706,29.530927654298505,29.564755530847,0.114550673600556,0.00165167106767816,0.565184714878908,0.5651941408324479,0.29830444585536325,0.5652265317464013,0.9999752628324057,0,False,-1.5051216056879778e-10,True,45.74048328399658,False,False,False,False,False,False
DEFENSIBLE,100,1.0,1.0,1.0,0.04258288995963954,0.04254735720522598,0.20042901438867,0.0,0.004583902062004798,-0.0035532754413557244,23.48361045772905,23.503222424674345,0.08351342303431515,0.0012043411892846882,0.5544952813649084,0.554520128259243,0.9944550471863509,0.534108458910765,0.9999876314162028,0,False,-6.194328151531385e-10,True,46.86771035194397,False,False,False,False,False,False
DEFENSIBLE,100,3.0,1.0,1.0,0.050115723123774165,0.050086387619617014,0.18732372424954402,0.0,0.004190064675164626,-0.0029335504157151915,19.95381763743644,19.96550455134782,0.05856981417657396,0.0008447364484406113,0.530269512161663,0.5302695121639823,2.98409191463515,0.4859488204263067,0.9999752628324057,0,False,-1.0013416281307451e-09,True,47.26116871833801,False,False,False,False,False,False
DEFENSIBLE,100,10.0,1.0,1.0,0.057168684120595836,0.05714247335750867,0.1586759576004182,0.0,0.003392381003719698,-0.0026210763087168576,17.492094061025337,17.50011753474611,0.04586914347007421,0.0006616001345807203,0.4748203217618707,0.4748203217668357,9.952517967823812,0.4233772352762226,0.999925788497217,0,False,-5.638812645652201e-09,True,8.820851564407349,False,False,False,False,False,False
DEFENSIBLE,100,30.0,1.0,1.0,0.06607309428415153,0.06603699845901648,0.1194215709782287,0.0,0.003609582513505738,-0.003609582513505738,15.134753575854972,15.143026232566754,0.054660002690620636,0.0007883617085249516,0.39057266599562546,0.3905726660062165,29.882828200201313,0.29042621003212665,0.9999505256648114,0,False,-9.37031789787605e-09,True,43.32302784919739,False,False,False,False,False,False
DEFENSIBLE,100,100.0,1.0,1.0,0.07890580559808807,0.07888145874885957,0.06747561899371757,0.0,0.00243468492285015,-0.00243468492285015,12.673338703122715,12.67725034308877,0.03086511027351904,0.00044522070988350264,0.2626543222426281,0.2626383463320472,99.73734567775738,0.12890330992527818,0.9999628942486085,0,False,-2.3888056551029495e-08,True,44.253448247909546,False,False,False,False,False,False
DEFENSIBLE,1000,0.1,0.9997217270025255,0.999548715118374,0.02664521473699354,0.02632133642776001,2.153262273860135,-0.017301188415153046,0.04863006895613198,-0.03238783092335308,37.51974742305295,37.97484667329494,1.2129592587885014,0.017394023840590026,5.728694079637564,5.728694079644216,0.09427130592036244,6.005331603834444,0.9999097052964788,0,False,-6.393810406641109e-11,True,39.54568862915039,True,False,False,True,False,False
DEFENSIBLE,1000,0.3,1.0,1.0,0.0343202476381728,0.03385036508517037,2.1368451813369105,0.0,0.04813953271018533,-0.04698825530024264,29.137318894477023,29.541778868687945,1.3881166475051836,0.019888568925357092,5.700591674752731,5.700591674781622,0.2828982249757418,5.912586013163549,0.9998917594949659,0,False,-1.6642660676674368e-10,True,39.04077100753784,True,False,False,True,False,False
DEFENSIBLE,1000,1.0,1.0,1.0,0.04681842799753009,0.04614909488451245,2.083809779927581,0.0,0.0669333113017638,-0.0669333113017638,21.35911099004426,21.66889735282607,1.4503710520826048,0.020774141723656568,5.610530058819796,5.610530059269587,0.943894699411802,5.7079321411252755,0.9998964776399646,1,False,-5.516003389678666e-10,True,12.702871561050415,True,False,False,True,False,True
DEFENSIBLE,1000,3.0,1.0,1.0,0.062491981907885116,0.061706218021308754,1.9470772781076118,0.0,0.07857638865763628,-0.07857638865763628,16.002052894690156,16.20582223396787,1.2733949863727514,0.018255220906362463,5.392186926412446,5.392186931932383,2.8382343922076267,5.30233913326124,0.999911113518328,0,False,-1.631822224007782e-09,True,10.960501670837402,True,False,False,True,False,False
DEFENSIBLE,1000,10.0,1.0,1.0,0.08313016246428176,0.08231386527347882,1.6414779008449454,0.0,0.08162971908029365,-0.08162971908029365,12.029328108406345,12.148621579918045,0.991688566781424,0.014236566671261722,4.850403672742343,4.850403723749489,9.514959632725766,4.388244954148174,0.9998815408594968,0,False,-5.439519048560882e-09,True,5.686165809631348,True,False,False,False,False,False
DEFENSIBLE,1000,30.0,1.0,1.0,0.1035610073244183,0.10290780910181205,1.221767347675895,0.0,0.06531982226062466,-0.06531982226062466,9.656144004641767,9.717435525237258,0.6347411613375005,0.009128438829354617,3.983540458901469,3.983540579801358,28.80493786232956,2.972234046770146,0.9999146280549086,0,False,-1.3159159865216285e-08,True,5.388525485992432,True,False,False,False,False,False
DEFENSIBLE,1000,100.0,1.0,1.0,0.12289942482458287,0.12257418376465709,0.6824788789092096,0.0,0.03252410599257766,-0.03252410599257766,8.136734581298374,8.158324773443693,0.2653422196533304,0.003823009255583559,2.666285889465425,2.666285923122949,97.33371411053457,1.4161507917014444,0.9998948768407686,0,False,-3.946618733930574e-08,True,5.471600770950317,False,False,False,False,False,False
DEFENSIBLE,10000,0.1,0.9997217270025255,0.9935556298000362,0.03155102102439549,0.02891632922354269,17.28905359725964,-0.6166097202489285,0.475566416250121,-0.2634691800852802,31.68587559172323,34.35967345940845,8.43845346783967,0.11687644294532473,37.95060412185914,37.95060412251942,0.06204939587814086,59.09441243515005,0.999884478821957,0,False,-4.488337059184282e-11,True,5.799604892730713,True,True,False,True,True,False
DEFENSIBLE,10000,0.3,1.0,0.9999999755860457,0.03805307909857052,0.03516804557487038,17.20549842738531,-2.441395430263782e-06,0.4725783904653925,-0.2885033523700141,26.279082367641738,28.43490331098095,8.203562488139465,0.113747999158849,37.86192204428538,37.86192205323799,0.18641423386714384,60.206926499658664,0.9998691966776193,0,False,-1.2763857290586859e-10,True,19.65633201599121,True,True,False,True,True,False
DEFENSIBLE,10000,1.0,1.0,1.0,0.04846140411724569,0.043986552948660725,16.909551880724237,0.0,0.4619357865372301,-0.44748511685849673,20.634977838446506,22.734220641122395,10.173225380279002,0.1397736585333007,37.57642899533259,37.5764292231492,0.6242357100466741,58.95830006676839,0.9998991636551132,0,False,-4.1174605676440763e-10,True,27.077646255493164,True,True,True,True,True,False
DEFENSIBLE,10000,3.0,1.0,1.0,0.06278551199669653,0.05673208232342217,16.226752378863385,0.0,0.6053429673274366,-0.6053429673274366,15.927241304278729,17.62671065520748,10.670205332244787,0.14626687157690269,36.855350726713276,36.85535375121407,1.8943394781986016,55.553987721628594,0.999880477541653,0,False,-1.252702786184094e-09,True,10.897061347961426,True,True,True,True,True,False
DEFENSIBLE,10000,10.0,1.0,1.0,0.08211974900523142,0.07560860002061044,14.389594044178367,0.0,0.6511148984620976,-0.6511148984620976,12.177338729129795,13.22600867777184,8.61165129728553,0.1191788763206974,34.85093831866079,34.850919772864316,6.514906168133922,46.77104241556862,0.9998723456902602,0,False,-4.584182720157522e-09,True,6.279240608215332,True,True,False,True,True,False
DEFENSIBLE,10000,30.0,1.0,1.0,0.10028389083885547,0.09488211084373686,11.41958121088409,0.0,0.5401779995118607,-0.5401779995118607,9.971691281872097,10.539394529664074,5.693149053099634,0.07988186539191335,30.965331284628807,30.965331285459367,20.71040061461136,33.4866308207383,0.99989512247484,0,False,-1.3270032499896251e-08,True,13.823822021484375,True,True,False,True,True,False
DEFENSIBLE,10000,100.0,1.0,1.0,0.11737966426709052,0.11438012310212586,6.8563061288089315,0.0,0.29995411649646614,-0.29995411649646614,8.519363266502785,8.742777791018755,2.622432188029659,0.03734612343116826,23.333427438537356,23.333427439292024,76.66657256146264,15.584358625017753,0.9998660783461822,0,False,-3.748420967678575e-08,True,7.1668806076049805,True,True,False,True,True,False
